{
"meta":{"test_sets":[],"test_metrics":[],"learn_metrics":[{"best_value":"Min","name":"RMSE"}],"launch_mode":"Train","parameters":"","iteration_count":100,"learn_sets":["learn"],"name":"experiment"},
"iterations":[
{"learn":[8.119678788],"iteration":0,"passed_time":0.162793467,"remaining_time":16.11655323},
{"learn":[7.57388629],"iteration":1,"passed_time":0.1671820289,"remaining_time":8.191919417},
{"learn":[7.040245648],"iteration":2,"passed_time":0.171510888,"remaining_time":5.545518712},
{"learn":[6.585755731],"iteration":3,"passed_time":0.1758903754,"remaining_time":4.221369009},
{"learn":[6.14465653],"iteration":4,"passed_time":0.1802292871,"remaining_time":3.424356456},
{"learn":[5.766306374],"iteration":5,"passed_time":0.1843384475,"remaining_time":2.887969011},
{"learn":[5.429073597],"iteration":6,"passed_time":0.1888075417,"remaining_time":2.508443054},
{"learn":[5.099978264],"iteration":7,"passed_time":0.1931490779,"remaining_time":2.221214396},
{"learn":[4.82405734],"iteration":8,"passed_time":0.1969788142,"remaining_time":1.991674677},
{"learn":[4.549351849],"iteration":9,"passed_time":0.2012261434,"remaining_time":1.811035291},
{"learn":[4.280056019],"iteration":10,"passed_time":0.2048400247,"remaining_time":1.657342018},
{"learn":[4.050659344],"iteration":11,"passed_time":0.2086028638,"remaining_time":1.529754334},
{"learn":[3.833057638],"iteration":12,"passed_time":0.2127800899,"remaining_time":1.423989832},
{"learn":[3.620193544],"iteration":13,"passed_time":0.21668217,"remaining_time":1.331047616},
{"learn":[3.445639652],"iteration":14,"passed_time":0.2205763289,"remaining_time":1.24993253},
{"learn":[3.263829279],"iteration":15,"passed_time":0.2240876728,"remaining_time":1.176460282},
{"learn":[3.096475508],"iteration":16,"passed_time":0.2290551636,"remaining_time":1.118328152},
{"learn":[2.951498615],"iteration":17,"passed_time":0.2337223525,"remaining_time":1.064735161},
{"learn":[2.798190719],"iteration":18,"passed_time":0.238291201,"remaining_time":1.015873015},
{"learn":[2.675890565],"iteration":19,"passed_time":0.2414660302,"remaining_time":0.9658641206},
{"learn":[2.547829877],"iteration":20,"passed_time":0.2452238997,"remaining_time":0.9225089561},
{"learn":[2.432294254],"iteration":21,"passed_time":0.2490257318,"remaining_time":0.8829094127},
{"learn":[2.32738459],"iteration":22,"passed_time":0.2524595813,"remaining_time":0.8451907723},
{"learn":[2.213544222],"iteration":23,"passed_time":0.2566612474,"remaining_time":0.8127606167},
{"learn":[2.119150554],"iteration":24,"passed_time":0.2602378537,"remaining_time":0.7807135611},
{"learn":[2.029332313],"iteration":25,"passed_time":0.2640180361,"remaining_time":0.7514359489},
{"learn":[1.941568265],"iteration":26,"passed_time":0.2675269192,"remaining_time":0.7233135222},
{"learn":[1.858248177],"iteration":27,"passed_time":0.2727987032,"remaining_time":0.7014823798},
{"learn":[1.786931411],"iteration":28,"passed_time":0.2767887141,"remaining_time":0.6776551277},
{"learn":[1.718392624],"iteration":29,"passed_time":0.2807046422,"remaining_time":0.6549774984},
{"learn":[1.652256418],"iteration":30,"passed_time":0.2860120476,"remaining_time":0.6366074607},
{"learn":[1.587256887],"iteration":31,"passed_time":0.2902190596,"remaining_time":0.6167155016},
{"learn":[1.535128643],"iteration":32,"passed_time":0.2947223445,"remaining_time":0.5983756691},
{"learn":[1.481481894],"iteration":33,"passed_time":0.298935425,"remaining_time":0.5802864133},
{"learn":[1.429021569],"iteration":34,"passed_time":0.3028984946,"remaining_time":0.5625257757},
{"learn":[1.379671328],"iteration":35,"passed_time":0.3065901004,"remaining_time":0.5450490675},
{"learn":[1.337923579],"iteration":36,"passed_time":0.3119048059,"remaining_time":0.531081156},
{"learn":[1.296008225],"iteration":37,"passed_time":0.3156635834,"remaining_time":0.5150300571},
{"learn":[1.255162322],"iteration":38,"passed_time":0.3191910304,"remaining_time":0.4992475091},
{"learn":[1.217258221],"iteration":39,"passed_time":0.3233690145,"remaining_time":0.4850535218},
{"learn":[1.180758966],"iteration":40,"passed_time":0.3275252657,"remaining_time":0.4713168458},
{"learn":[1.149052728],"iteration":41,"passed_time":0.3307651503,"remaining_time":0.4567709218},
{"learn":[1.11987312],"iteration":42,"passed_time":0.3337284018,"remaining_time":0.4423841605},
{"learn":[1.08950023],"iteration":43,"passed_time":0.3377128509,"remaining_time":0.4298163557},
{"learn":[1.06301724],"iteration":44,"passed_time":0.3418021137,"remaining_time":0.417758139},
{"learn":[1.039118542],"iteration":45,"passed_time":0.3449428825,"remaining_time":0.404932949},
{"learn":[1.014099024],"iteration":46,"passed_time":0.3484989925,"remaining_time":0.3929882256},
{"learn":[0.992343978],"iteration":47,"passed_time":0.3515604685,"remaining_time":0.3808571742},
{"learn":[0.9728764781],"iteration":48,"passed_time":0.3547202349,"remaining_time":0.3691986119},
{"learn":[0.9553809527],"iteration":49,"passed_time":0.3581249589,"remaining_time":0.3581249589},
{"learn":[0.9383316458],"iteration":50,"passed_time":0.3612057974,"remaining_time":0.3470408642},
{"learn":[0.920073121],"iteration":51,"passed_time":0.3645109198,"remaining_time":0.3364716183},
{"learn":[0.904414734],"iteration":52,"passed_time":0.3675687186,"remaining_time":0.3259571656},
{"learn":[0.8893051139],"iteration":53,"passed_time":0.3715767592,"remaining_time":0.3165283504},
{"learn":[0.8700214413],"iteration":54,"passed_time":0.3760257965,"remaining_time":0.3076574699},
{"learn":[0.855203063],"iteration":55,"passed_time":0.37975994,"remaining_time":0.29838281},
{"learn":[0.8423306508],"iteration":56,"passed_time":0.3848024629,"remaining_time":0.2902895772},
{"learn":[0.828865165],"iteration":57,"passed_time":0.3902647115,"remaining_time":0.2826054807},
{"learn":[0.81825699],"iteration":58,"passed_time":0.3961111463,"remaining_time":0.2752636779},
{"learn":[0.8037979416],"iteration":59,"passed_time":0.4058801004,"remaining_time":0.2705867336},
{"learn":[0.7927034294],"iteration":60,"passed_time":0.4095093405,"remaining_time":0.2618174472},
{"learn":[0.7823910108],"iteration":61,"passed_time":0.4139887444,"remaining_time":0.2537350369},
{"learn":[0.774565187],"iteration":62,"passed_time":0.417479542,"remaining_time":0.2451863977},
{"learn":[0.7617197261],"iteration":63,"passed_time":0.4215044351,"remaining_time":0.2370962447},
{"learn":[0.7465258828],"iteration":64,"passed_time":0.4246215458,"remaining_time":0.2286423708},
{"learn":[0.7365608846],"iteration":65,"passed_time":0.4277029701,"remaining_time":0.2203318331},
{"learn":[0.7268796401],"iteration":66,"passed_time":0.4315731865,"remaining_time":0.2125658978},
{"learn":[0.7179570659],"iteration":67,"passed_time":0.4355694795,"remaining_time":0.2049738727},
{"learn":[0.7088709761],"iteration":68,"passed_time":0.4395317302,"remaining_time":0.1974707773},
{"learn":[0.7013267867],"iteration":69,"passed_time":0.4430312657,"remaining_time":0.1898705425},
{"learn":[0.6917191586],"iteration":70,"passed_time":0.4465062592,"remaining_time":0.182375796},
{"learn":[0.6841867844],"iteration":71,"passed_time":0.4501361358,"remaining_time":0.1750529417},
{"learn":[0.6776717697],"iteration":72,"passed_time":0.4534762619,"remaining_time":0.1677240969},
{"learn":[0.6715384888],"iteration":73,"passed_time":0.456626646,"remaining_time":0.1604363891},
{"learn":[0.6658430643],"iteration":74,"passed_time":0.4601328836,"remaining_time":0.1533776279},
{"learn":[0.6600873785],"iteration":75,"passed_time":0.4634340146,"remaining_time":0.1463475835},
{"learn":[0.6467285191],"iteration":76,"passed_time":0.4678605704,"remaining_time":0.13975056},
{"learn":[0.6371024647],"iteration":77,"passed_time":0.4713180475,"remaining_time":0.1329358596},
{"learn":[0.6277758275],"iteration":78,"passed_time":0.4744072077,"remaining_time":0.1261082451},
{"learn":[0.6223643369],"iteration":79,"passed_time":0.4777348196,"remaining_time":0.1194337049},
{"learn":[0.6177572938],"iteration":80,"passed_time":0.4808473076,"remaining_time":0.1127913438},
{"learn":[0.6109412115],"iteration":81,"passed_time":0.4841409467,"remaining_time":0.106274842},
{"learn":[0.6054433966],"iteration":82,"passed_time":0.4877370473,"remaining_time":0.09989794945},
{"learn":[0.599312945],"iteration":83,"passed_time":0.4907764979,"remaining_time":0.0934812377},
{"learn":[0.5917151468],"iteration":84,"passed_time":0.4935212344,"remaining_time":0.08709198255},
{"learn":[0.5862588524],"iteration":85,"passed_time":0.4980727252,"remaining_time":0.08108160642},
{"learn":[0.5824127348],"iteration":86,"passed_time":0.5017568963,"remaining_time":0.07497516841},
{"learn":[0.5779098066],"iteration":87,"passed_time":0.5058571204,"remaining_time":0.06898051641},
{"learn":[0.5746358104],"iteration":88,"passed_time":0.5095444373,"remaining_time":0.06297740236},
{"learn":[0.5671056716],"iteration":89,"passed_time":0.514621919,"remaining_time":0.05718021322},
{"learn":[0.5612392207],"iteration":90,"passed_time":0.5183829249,"remaining_time":0.05126864092},
{"learn":[0.5554397762],"iteration":91,"passed_time":0.5221235011,"remaining_time":0.04540204357},
{"learn":[0.5485794285],"iteration":92,"passed_time":0.5269158812,"remaining_time":0.03966033514},
{"learn":[0.5449717705],"iteration":93,"passed_time":0.531353378,"remaining_time":0.03391617306},
{"learn":[0.5396453835],"iteration":94,"passed_time":0.5356857332,"remaining_time":0.02819398596},
{"learn":[0.5357167738],"iteration":95,"passed_time":0.5391475066,"remaining_time":0.02246447944},
{"learn":[0.5323888291],"iteration":96,"passed_time":0.5428448668,"remaining_time":0.0167890165},
{"learn":[0.5265753127],"iteration":97,"passed_time":0.5463134804,"remaining_time":0.0111492547},
{"learn":[0.5236567088],"iteration":98,"passed_time":0.5491510014,"remaining_time":0.005546979812},
{"learn":[0.5208121813],"iteration":99,"passed_time":0.5529988484,"remaining_time":0}
]}